AIR MECHANICAL,TODD SJOTHUN,(701) 234-9596,1914 4TH AVE NW,WEST FARGO,ND,58078
ALL AMERICAN PLUMBING & HEATING,DARRIN NELSON,(701) 356-5325,709 4TH ST E,HORACE,ND,58047
AMERICAN CRYSTAL SUGAR CO,,,8152 OLD HWY 44,DRAYTON,ND,58225
BAKKEGARD & SCHELL MECHANICAL,MIKE SCHELL,(701) 845-3665,159 12TH AVE SE,VALLEY CITY,ND,58072
CUSTOM AIRE - GF,VINCE STROH,(701) 775-0305,5525 1ST AVE N,GRAND FORKS,ND,58203
CUSTOM AIRE - BISMARCK,COREY WANNER,(701) 290-8381,2021 LEE AVE,BISMARCK,ND,58504
ELITE HEATING AND AIR,STEVE HUTCHERSON,(701) 591-1400,501 6TH ST S,WAHPETON,ND,58075
ENTERPRISE SALES COMPANY,BRANDON NADEAU,(701) 845-1272,1213 E MAIN,VALLEY CITY,ND,58072
KEITH'S AC,KEITH MOLDENHAUER,(701) 845-3786,1160 W MAIN ST,VALLEY CITY,ND,58072
"KLEMETSRUD PLUMBING, HEATING & A/C",ERIC KLEMETSRUD,(701) 662-4934,217 4TH STREET,DEVILS LAKE,ND,58301
LUNSETH PLUMBING & HEATING,JIM FRISTAD,(701) 365-8012,1710 N WASHINGTON ST,GRAND FORKS,ND,58203
MCFARLANE SHEET METAL,MITCH PRICE,(701) 772-9511,3473 N WASHINGTON ST,GRAND FORKS,ND,58203
NDSU THORSON MAINT CENTER,CATHY POWERS,(701) 231-7301,1310 BOLLEY DR,FARGO,ND,58102
NORTHERN PLAINS MECHANICAL,SCOTT JOHNSON,(701) 293-5200,4537 13 TH AVE N,FARGO,ND,58102
PETERSON MECHANICAL,STEVE FRADET,(701) 293-7206,3001 1ST AVE N,FARGO,ND,58102
RIGHT TEMP MECHANICAL,JOHN RICHARDS,(701) 213-3759,623 S 48TH ST STE A,GRAND FORKS,ND,58201
ROBERT GIBB & SONS,ROBBIE FUSON,(701) 282-5900,2011 GREAT NORTHERN DR N,FARGO,ND,58102
ROBERT GIBB & SONS (BISMARCK),,,4120 HAGEN AVE UNIT A,BISMARCK,ND,58502
SA MECHANICAL,SCOTT DIFFERDING,(701) 281-9100,5410 53 AVE SW UNIT #1,FARGO,ND,58102
SVL - FARGO,JACOB ERBELE,(701) 356-0896,3454 41ST ST S,FARGO,ND,58104
SVL - FRIDLEY,JACOB ERBELE,(701) 356-0894,99 NE 77TH WAY,FRIDLEY,MN,55432
SVL - ROSEVILLE,JACOB ERBELE,(701) 356-0895,2920 CENTRE POINTE DR,ROSEVILLE,MN,55113
WIR3D ELECTRIC,JOSH HOLTE,(701) 306-7255,331 23RD ST N  ,FARGO,ND,58102
WRIGLEY MECHANICAL,KEITH LINGLE,(701) 277-8570,4102 15TH AVE N,FARGO,ND,58102
MARTIN MECHANICAL DESIGN - FARGO,,(701) 293-7957,1201 25th Avenue N,Fargo,ND,58102
MARTIN MECHANICAL DESIGN - GRAND FORKS,Josh Lunski,(701) 293-7957,667 Demers Avenue,GRAND FORKS,ND,58201
